"Credit / debit card","บัตรเครดิต / เดบิต"
"Installment","ผ่อนชำระ"
"Scan to pay (PromptPay)","สแกนเพื่อชำระเงิน (พร้อมเพย์)"
"Mobile banking","โมบายแบงก์กิ้ง"
"E-wallet","อีวอลเล็ท"
"Paid with","ชำระด้วย"
"We could not start the payment. Please try again.","ไม่สามารถเริ่มการชำระเงินได้ กรุณาลองอีกครั้ง"
"Try again","ลองอีกครั้ง"
"We are confirming your payment. You will get an email as soon as your order is confirmed.","กำลังยืนยันการชำระเงินของคุณ คุณจะได้รับอีเมลทันทีที่คำสั่งซื้อได้รับการยืนยัน"
"Your payment did not go through. Please try again.","การชำระเงินไม่สำเร็จ กรุณาลองอีกครั้ง"
"We could not open the payment page for this order.","ไม่สามารถเปิดหน้าชำระเงินสำหรับคำสั่งซื้อนี้ได้"
"View order","ดูคำสั่งซื้อ"
